city,country,macro_region,swap_fraction,n_replicates_total,n_replicates_pass,n_replicates_fail,n_nodes,n_edges,pc_cebh,pc_road,road_gap,pc_geometry_null_mean,geometry_null_gap_mean,road_minus_geometry_mean,geometry_fraction_of_road_gap_mean,remaining_fraction_after_geometry_mean,accepted_swaps_per_edge_mean,acceptance_rate_mean,length_bin_tvd_mean,degree_max_abs_drift_max,threshold_boundary_hits,null_mobility_index_mean,runtime_seconds_mean,pc_spatial_null,spatial_null_gap,road_minus_spatial,remaining_fraction_after_spatial,geometry_vs_spatial_residual_change,bridge_edge_share,articulation_point_share,largest_biconnected_node_fraction,dual_degree_mean,angular_entropy,straight_angle_share_10deg,cycle_density,dead_end_share,kappa,geometry_absorption,geometry_absorption_fraction_of_road_gap
Accra,Ghana,Africa,0.005,1,1,0,19183,25655,0.5030786728370853,0.725,0.2219213271629146,0.725,0.2219213271629146,0.0,1.0000000000000004,0.0,0.0049892808419411,0.0019348792212111,0.0,0,0,0.0023839412136563,4.984123468399048,0.625,0.1219213271629147,0.0999999999999999,0.4506101386397577,-0.0999999999999999,0.1756772558955369,0.2062242610644842,0.7552520460824689,3.975521340869226,0.7914523661544159,0.2436269511334222,0.3374341865193139,0.2051816712714382,2.9877606704346134,0.0999999999999999,0.45061013863975735
Addis Ababa,Ethiopia,Africa,0.005,1,1,0,51078,72263,0.482274189457948,0.7,0.2177258105420519,0.7,0.2177258105420519,0.0,1.0000000000000004,0.0,0.0049956409227405,0.0018271819893507,0.0,0,0,0.0020646937775524,15.571398973464966,0.6,0.117725810542052,0.0999999999999999,0.4592932723549826,-0.0999999999999999,0.1136127755559553,0.1457183131680958,0.8323740162105016,4.147018529537938,0.7961537326055843,0.2354142473871781,0.4147773992717021,0.1451309761541172,3.073509264768969,0.0999999999999999,0.4592932723549822
Algiers,Algeria,Africa,0.005,1,1,0,21703,28885,0.5065855241235377,0.75,0.2434144758764622,0.75,0.2434144758764622,0.0,1.0000000000000002,0.0,0.0049852864808724,0.0018457042515284,0.0,0,0,0.0014393660352603,6.3259899616241455,0.65,0.1434144758764622,0.0999999999999999,0.4108219104058216,-0.0999999999999999,0.1912065085684611,0.2125512601944431,0.7018845320923375,3.9480006924009,0.9029215361880424,0.1852891141549308,0.3309680689305626,0.2046260885591853,2.97400034620045,0.0999999999999999,0.4108219104058213
Amsterdam,Netherlands,Europe,0.005,1,1,0,23201,32887,0.466680857102313,0.7,0.2333191428976869,0.675,0.208319142897687,0.0249999999999999,0.8928506264444721,0.1071493735555281,0.0049867728889834,0.0018701180226922,0.0,0,0,0.0018403809174582,7.510496139526367,0.6,0.1333191428976869,0.0999999999999999,0.4285974942221141,-0.075,0.1399641195609207,0.1728804792896857,0.7542347312615836,4.285583969349591,0.830019876068434,0.229757343550447,0.4175251066764364,0.1549933192534804,3.142791984674796,0.075,0.3214481206665856
Athens,Greece,Europe,0.005,1,1,0,54827,88593,0.4135569642707098,0.625,0.2114430357292901,0.625,0.2114430357292901,0.0,1.0000000000000004,0.0,0.0050003950650728,0.0017978750172482,0.0,0,0,0.0032186049802824,19.514379501342773,0.525,0.1114430357292902,0.0999999999999999,0.4729406180491547,-0.0999999999999999,0.0421252243405235,0.0632170281065898,0.929943276123078,4.836093145056608,0.7253706256482639,0.2760687511086629,0.6158826855381473,0.0637277253907746,3.418046572528304,0.0999999999999999,0.4729406180491544
Auckland,New Zealand,Oceania,0.005,1,1,0,12533,16775,0.5044505924099357,0.725,0.2205494075900642,0.725,0.2205494075900642,0.0,1.0000000000000002,0.0,0.0050074515648286,0.0025758969641214,0.0,0,0,0.0018300787319965,2.699667692184448,0.65,0.1455494075900643,0.0749999999999999,0.3400598569704738,-0.0749999999999999,0.1795529061102831,0.2025053857815367,0.7164286284209687,3.964709388971684,0.8836159516175464,0.2099897756660853,0.3385462379318599,0.1942870821032474,2.9823546944858417,0.0749999999999999,0.34005985697047353
Bangkok,Thailand,Asia,0.005,1,1,0,63366,71694,0.5689051824695883,0.85,0.2810948175304116,0.9,0.3310948175304117,-0.05,1.177875922577586,-0.1778759225775856,0.0049934443607554,0.0016515048068938,0.0,0,1,0.0030979728994446,16.837603330612183,0.725,0.1560948175304116,0.125,0.4446898064439636,-0.175,0.4954528970346193,0.3939336552725436,0.3866584603730707,3.515524311657879,0.7453176410393608,0.2706771093706604,0.1314427295395006,0.3948647539690054,2.75776215582894,0.175,0.6225657290215489
Barcelona,Spain,Europe,0.005,1,1,0,18674,28820,0.438814196750765,0.625,0.1861858032492349,0.625,0.186185803249235,0.0,1.0000000000000009,0.0,0.0049965301873698,0.0018346519894507,0.0,0,0,0.0017971752071311,5.8855977058410645,0.55,0.111185803249235,0.0749999999999999,0.4028234091489903,-0.0749999999999999,0.0557251908396946,0.079415229731177,0.9031808932205204,4.557737682165163,0.8391565106642427,0.2324862585075445,0.5433758166434615,0.0738459890757202,3.278868841082581,0.0749999999999999,0.40282340914899
Bengaluru,India,Asia,0.005,1,1,0,101357,136603,0.487624045120297,0.7,0.2123759548797029,0.675,0.187375954879703,0.0249999999999999,0.8822842255651742,0.1177157744348261,0.0049998901927483,0.0016242916019605,0.0,0,0,0.0030069305706902,34.29253673553467,0.575,0.0873759548797029,0.125,0.5885788721741326,-0.1000000000000001,0.1890661259269562,0.216225815681206,0.7332793985615201,4.10152046441147,0.6949117348256765,0.2763939458842007,0.3477510186765591,0.2230137040362284,3.0507602322057346,0.1000000000000001,0.47086309773930657
Bogota,Colombia,Latin America,0.005,1,1,0,40772,60476,0.4493951193413192,0.65,0.2006048806586807,0.65,0.2006048806586808,0.0,1.0000000000000004,0.0,0.0049937165156425,0.0018354757346461,0.0,0,0,0.004081758596333,12.67064332962036,0.55,0.1006048806586808,0.0999999999999999,0.4984923580705149,-0.0999999999999999,0.0957239235399166,0.1256990091239085,0.8484744432453645,4.450426615516899,0.7038503419575839,0.2828597330796897,0.4832973609339743,0.1272932404591386,3.225213307758449,0.0999999999999999,0.4984923580705145
Boston,United States,North America,0.005,1,1,0,24819,35843,0.4629981269779758,0.675,0.2120018730220242,0.675,0.2120018730220242,0.0,1.0000000000000002,0.0,0.0049940016181681,0.0016896037454456,0.0,0,0,0.0020630715938291,7.925513982772827,0.575,0.1120018730220241,0.1,0.4716939457870328,-0.1,0.1056831180425745,0.1419879930698255,0.8339981465812483,4.319671902463521,0.8142157410053888,0.2453271329845637,0.4442161247431403,0.1391272815181917,3.1598359512317606,0.1,0.4716939457870324
Brisbane,Australia,Oceania,0.005,1,1,0,25339,35174,0.4911197989388439,0.7,0.208880201061156,0.725,0.2338802010611561,-0.025,1.1196858288770055,-0.1196858288770055,0.0050036959117529,0.002204574492071,0.0,0,0,0.0017471550147471,6.215595245361328,0.625,0.1338802010611561,0.0749999999999999,0.359057486631016,-0.0999999999999999,0.1427474839369989,0.1625952089664154,0.7866135206598523,4.072326149997157,0.8606370712391301,0.2188774085450991,0.3881763289790441,0.1551363510793638,3.036163074998578,0.0999999999999999,0.4787433155080211
Buenos Aires,Argentina,Latin America,0.005,1,1,0,21642,37472,0.3806157377781841,0.575,0.1943842622218158,0.575,0.1943842622218158,0.0,1.0000000000000004,0.0,0.0049903928266438,0.0012438886486846,0.0,0,0,0.0033288753738629,10.218411922454834,0.5,0.1193842622218159,0.0749999999999999,0.3858337045537974,-0.0749999999999999,0.0265531596925704,0.0426023472876813,0.9508363367526108,5.254643467122118,0.6474475560515124,0.2983920935287605,0.7314943166065982,0.0423251085851584,3.627321733561059,0.0749999999999999,0.3858337045537971
Cairo,Egypt,Africa,0.005,1,1,0,118235,163341,0.4905812814983452,0.7,0.2094187185016547,0.7,0.2094187185016547,0.0,1.0000000000000004,0.0,0.0050018060376757,0.0020359949959878,0.0,0,0,0.0029465480430642,34.82680439949036,0.6,0.1094187185016548,0.0999999999999999,0.4775122334597317,-0.0999999999999999,0.1373323292988288,0.1715820188607434,0.806038820992092,4.076796395271242,0.6930254321055942,0.2863038137400361,0.3815029390620374,0.1735272973315854,3.038398197635621,0.0999999999999999,0.4775122334597313
Casablanca,Morocco,Africa,0.005,1,1,0,36942,55764,0.4598827284198025,0.675,0.2151172715801975,0.675,0.2151172715801975,0.0,1.0000000000000002,0.0,0.0050032278889606,0.0020500084498556,0.0,0,0,0.0025935079617144,10.72241997718811,0.575,0.1151172715801974,0.1,0.4648627200662465,-0.1,0.0497094899935442,0.0705430133723133,0.9200909533863896,4.348934796642996,0.7676061482826985,0.2581871562054149,0.509528450002707,0.0684045260137512,3.174467398321498,0.1,0.4648627200662462
Chennai,India,Asia,0.005,1,1,0,42444,56880,0.498448919501551,0.725,0.2265510804984489,0.75,0.251551080498449,-0.025,1.110350389611897,-0.1103503896118967,0.0049929676511954,0.0018236223303838,0.0,0,0,0.0030965441599398,11.927742958068848,0.6,0.1015510804984489,0.125,0.5517519480594832,-0.15,0.1786040787623066,0.2087220808594854,0.747973800772783,4.012447257383967,0.7114600288268652,0.2668647142331353,0.3401423051550278,0.2115257751390067,3.0062236286919832,0.15,0.6621023376713799
Chicago,United States,North America,0.005,1,1,0,13260,21830,0.3959947031400221,0.6,0.2040052968599778,0.6,0.2040052968599778,0.0,1.0000000000000002,0.0,0.0049931287219422,0.0015212627876791,0.0,0,0,0.0038602616316109,4.864916086196899,0.5,0.1040052968599778,0.0999999999999999,0.4901833508207217,-0.0999999999999999,0.0464956481905634,0.0729260935143288,0.9196078431372549,5.05057260650481,0.5929283004416828,0.3200609501696083,0.6463800904977376,0.0728506787330316,3.525286303252405,0.0999999999999999,0.4901833508207213
Dakar,Senegal,Africa,0.005,1,1,0,28624,43129,0.4600377595972308,0.7,0.2399622404027691,0.7,0.2399622404027691,0.0,1.0000000000000002,0.0,0.0050082311205917,0.0017590006270511,0.0,0,0,0.0029476176879676,9.26554822921753,0.575,0.1149622404027691,0.125,0.5209152897980591,-0.125,0.0542558371397435,0.0760201229737283,0.912625768585802,4.347469220246238,0.7153797586366106,0.2730957536452944,0.5067775293460034,0.0750069871436556,3.173734610123119,0.125,0.5209152897980591
Dar es Salaam,Tanzania,Africa,0.005,1,1,0,22312,29826,0.5075988359230076,0.775,0.2674011640769924,0.75,0.2424011640769924,0.025,0.9065075124624298,0.0934924875375703,0.0049956413867095,0.0021203022497972,0.0,0,0,0.0017194046847282,5.3108439445495605,0.625,0.1174011640769924,0.15,0.5609549252254219,-0.125,0.1770938107691276,0.2029401219074937,0.7357027608461815,3.940119358948568,0.8539857076198117,0.2028965775455674,0.3368142703477949,0.1989960559340265,2.970059679474284,0.125,0.46746243768785145
Delhi,India,Asia,0.005,1,1,0,59302,85866,0.4689645379225219,0.7,0.231035462077478,0.7,0.231035462077478,0.0,1.0000000000000002,0.0,0.0049961568024596,0.0019800974817221,0.0,0,0,0.0028652357068061,17.736650943756104,0.6,0.131035462077478,0.0999999999999999,0.4328339861802898,-0.0999999999999999,0.0981762280763049,0.1282418805436579,0.8437826717480017,4.264714788158293,0.7102606796962674,0.2694582652910752,0.4479612829246905,0.1277191325756298,3.1323573940791465,0.0999999999999999,0.43283398618028945
Dhaka,Bangladesh,Asia,0.005,1,1,0,35890,47996,0.501127631139325,0.725,0.2238723688606749,0.725,0.2238723688606749,0.0,1.0000000000000002,0.0,0.0050004167013917,0.0020656533489404,0.0,0,0,0.0031253686383481,9.252557516098022,0.625,0.1238723688606749,0.0999999999999999,0.4466830833519885,-0.0999999999999999,0.184557046420535,0.2101142379492895,0.7428531624407914,3.990999249937495,0.779958945609753,0.2372515035081857,0.3373363053775425,0.2112008916132627,2.995499624968748,0.0999999999999999,0.4466830833519882
Dubai,United Arab Emirates,Middle East,0.005,1,1,0,15724,22720,0.4908611675236571,0.725,0.2341388324763428,0.725,0.2341388324763428,0.0,1.0000000000000004,0.0,0.0050176056338028,0.0022001350960146,0.0,0,0,0.0033051004179095,4.122533321380615,0.65,0.1591388324763429,0.0749999999999999,0.320322772633531,-0.0749999999999999,0.065625,0.0896718392266598,0.8635207326380056,4.074471830985916,0.914141459749442,0.2073845223177634,0.4449885525311625,0.0742177562961078,3.037235915492958,0.0749999999999999,0.32032277263353076
Hanoi,Vietnam,Asia,0.005,1,1,0,29320,39886,0.4889668023341342,0.75,0.2610331976658657,0.7,0.2110331976658657,0.05,0.8084534823650967,0.1915465176349036,0.0049892192749335,0.0017307207277724,0.0,0,0,0.0027697345964684,8.50075387954712,0.6,0.1110331976658657,0.15,0.5746395529047107,-0.0999999999999999,0.1730933159504588,0.2022169167803547,0.733663028649386,4.090257233114376,0.7935828776568334,0.2456234982592066,0.3604024556616644,0.198738062755798,3.045128616557188,0.09999999999999999,0.38309303526980704
Ho Chi Minh City,Vietnam,Asia,0.005,1,1,0,40466,51958,0.5059497146863499,0.725,0.2190502853136501,0.725,0.2190502853136501,0.0,1.0000000000000002,0.0,0.0050040417260094,0.0017368765615188,0.0,0,0,0.0026943539531247,11.283889532089232,0.6,0.0940502853136501,0.125,0.5706452279713632,-0.125,0.2729319835251549,0.2755152473681609,0.6051500024712104,3.952962007775511,0.7630877871360242,0.258106607980992,0.2840162111402164,0.2707458112983739,2.976481003887755,0.125,0.5706452279713632
Hong Kong,China,Asia,0.005,1,1,0,9035,13245,0.4651775366136339,0.675,0.2098224633863661,0.625,0.159822463386366,0.05,0.7617033029112319,0.2382966970887682,0.0049830124575311,0.0016969198333933,0.0,0,0,0.0032781249079875,2.693803548812866,0.6,0.134822463386366,0.075,0.3574450456331523,-0.0249999999999999,0.0914307285768214,0.1147758716104039,0.8293303818483675,4.299433748584372,0.903286833886758,0.2018052189793839,0.466076369673492,0.1014941892639734,3.149716874292185,0.024999999999999994,0.11914834854438398
Hyderabad,India,Asia,0.005,1,1,0,98461,132094,0.4881558622014944,0.75,0.2618441377985055,0.725,0.2368441377985056,0.025,0.9045233541976871,0.0954766458023132,0.0049964419277181,0.0016512219042091,0.0,0,0,0.0028203290836522,32.23518085479736,0.625,0.1368441377985056,0.125,0.477383229011566,-0.1,0.1935591321331778,0.2195387006022689,0.7269375691898315,4.097052099262647,0.7197973338100786,0.2619975018292818,0.3415971806095814,0.2298473507276993,3.048526049631324,0.1,0.3819065832092528
Istanbul,Turkey,Middle East,0.005,1,1,0,48682,72909,0.4613033850047454,0.675,0.2136966149952546,0.675,0.2136966149952546,0.0,1.0000000000000002,0.0,0.0050062406561604,0.0017821221412807,0.0,0,0,0.0016335932762016,15.754135608673096,0.575,0.1136966149952545,0.1,0.4679531306671409,-0.1,0.0583878533514381,0.0808923215973049,0.9074195801322872,4.335541565513174,0.8524399298520767,0.2186839607719076,0.497678813524506,0.0792284622653136,3.167770782756586,0.1,0.46795313066714056
Jakarta,Indonesia,Asia,0.005,1,1,0,50166,65445,0.512325721577254,0.7,0.1876742784227459,0.725,0.212674278422746,-0.025,1.133209517095818,-0.1332095170958177,0.0049965619986247,0.0019092549234838,0.0,0,0,0.0024508479573564,13.512893915176392,0.625,0.112674278422746,0.0749999999999999,0.3996285512874525,-0.0999999999999999,0.2114600045840018,0.2372124546505601,0.7020491966670653,3.9037665215066086,0.7574345530580631,0.2528710437525931,0.3045887652992066,0.2342024478730614,2.9518832607533043,0.0999999999999999,0.5328380683832699
Johannesburg,South Africa,Africa,0.005,1,1,0,22312,32632,0.454250595097234,0.65,0.195749404902766,0.675,0.220749404902766,-0.025,1.1277143090801132,-0.1277143090801129,0.0049950968374601,0.0025714646305294,0.0,0,0,0.0022025113685897,5.251912593841553,0.575,0.1207494049027659,0.075,0.3831429272403387,-0.1,0.1165420446187791,0.1462889924704195,0.8096091789171747,4.402856092179456,0.8166503042305362,0.2423820593844397,0.4625761921835783,0.1390731444962352,3.2014280460897275,0.1,0.5108572363204512
Kampala,Uganda,Africa,0.005,1,1,0,35927,41391,0.574452139397388,0.825,0.2505478606026119,0.825,0.2505478606026119,0.0,1.0,0.0,0.005001087192868,0.0016187050359712,0.0,0,0,0.0018842023568127,9.238775730133057,0.7,0.1255478606026119,0.125,0.4989066747540884,-0.125,0.3796719093522746,0.360620146407994,0.553483452556573,3.4815781208475274,0.8615827932515798,0.2004357903210137,0.1521140089626186,0.361761349402956,2.740789060423764,0.125,0.49890667475408845
Karachi,Pakistan,Asia,0.005,1,1,0,52156,78992,0.4466206054300997,0.675,0.2283793945699003,0.675,0.2283793945699003,0.0,1.0000000000000002,0.0,0.0050005063803929,0.0021962868851091,0.0,0,0,0.003607843905991,15.086737632751465,0.575,0.1283793945699002,0.1,0.4378678741500604,-0.1,0.0725136722706096,0.0984354628422425,0.8753930516143876,4.478073728985214,0.6655118280726464,0.2841473205703753,0.5145524963570826,0.0978794386072551,3.2390368644926064,0.1,0.43786787415006
Kuala Lumpur,Malaysia,Asia,0.005,1,1,0,37213,50999,0.4969016115517276,0.7,0.2030983884482723,0.7,0.2030983884482723,0.0,1.0000000000000004,0.0,0.005000098041138,0.0016462658816237,0.0,0,0,0.0020108651977719,11.545103549957275,0.625,0.1280983884482724,0.0749999999999999,0.3692791487565245,-0.0749999999999999,0.1520814133610463,0.1787816085776476,0.7482331443312821,4.024941665522854,0.8430059739231269,0.2281797455034394,0.3704888076747373,0.1679789320936232,3.0124708327614265,0.0749999999999999,0.3692791487565243
Lagos,Nigeria,Africa,0.005,1,1,0,13226,17952,0.4953369019369792,0.75,0.2546630980630208,0.725,0.2296630980630207,0.025,0.9018310851075356,0.0981689148924644,0.0050133689839572,0.0022276676319893,0.0,0,0,0.0020825139123162,3.106520652770996,0.625,0.1296630980630208,0.125,0.4908445744623219,-0.1,0.1714572192513369,0.1963556630878572,0.7547255406018448,4.037655971479501,0.8008417069141635,0.2299541967882567,0.3574020867987297,0.1945410554967488,3.01882798573975,0.1,0.39267565956985756
Lima,Peru,Latin America,0.005,1,1,0,49410,75796,0.4428345242198864,0.65,0.2071654757801135,0.65,0.2071654757801136,0.0,1.0000000000000009,0.0,0.005000263866167,0.0018361780365975,0.0,0,0,0.0032190326876502,15.939325332641602,0.55,0.1071654757801136,0.0999999999999999,0.4827059123796307,-0.0999999999999999,0.0599371998522349,0.0830803481076705,0.901457194899818,4.5163597023589634,0.7069716318932742,0.2735377802186245,0.5340416919651892,0.0817041084800647,3.258179851179482,0.0999999999999999,0.48270591237963034
Lisbon,Portugal,Europe,0.005,1,1,0,26686,36745,0.4955161486076462,0.75,0.2544838513923538,0.75,0.2544838513923538,0.0,1.0,0.0,0.0050074840114301,0.0019370460048426,0.0,0,0,0.0013378832495381,7.148107767105103,0.625,0.1294838513923538,0.125,0.4911903027091476,-0.125,0.1377058103143285,0.1661920107921756,0.7744135501761223,4.036195400734794,0.902032206041917,0.1909783561459106,0.3769766918983737,0.1549126883009818,3.018097700367397,0.125,0.4911903027091476
London,United Kingdom,Europe,0.005,1,1,0,48353,62602,0.5199847165924646,0.775,0.2550152834075354,0.775,0.2550152834075354,0.0,1.0000000000000002,0.0,0.0049998402606945,0.0019327907522446,0.0,0,0,0.0018234958861413,12.820701599121094,0.65,0.1300152834075354,0.125,0.4901667003237595,-0.125,0.2245934634676208,0.2349388869356606,0.6927181353793973,3.846266892431552,0.8289648594074925,0.2363030766163864,0.2947076706719335,0.2249084855127913,2.923133446215776,0.125,0.49016670032375953
Los Angeles,United States,North America,0.005,1,1,0,22280,34611,0.4249303262083952,0.6,0.1750696737916047,0.6,0.1750696737916047,0.0,1.0000000000000002,0.0,0.0049984109098263,0.0020047279132288,0.0,0,0,0.0034741579059455,6.70653510093689,0.525,0.1000696737916048,0.0749999999999999,0.4284008667844819,-0.0749999999999999,0.0706711739042501,0.0994614003590664,0.8886445242369838,4.706653953945278,0.7227487201862087,0.2758713827945636,0.5535008976660682,0.100359066427289,3.353326976972639,0.0749999999999999,0.42840086678448164
Manila,Philippines,Asia,0.005,1,1,0,25142,36895,0.4492979529208324,0.65,0.2007020470791676,0.65,0.2007020470791676,0.0,1.0,0.0,0.0049871256267786,0.0018077497445571,0.0,0,0,0.0030009198587562,7.598220348358154,0.575,0.1257020470791675,0.075,0.3736882662209023,-0.075,0.1144599539232958,0.1476413968658022,0.8080502744411742,4.451389077110719,0.7635561451693045,0.2574497363517907,0.4675045740195688,0.1446185665420412,3.22569453855536,0.075,0.373688266220902
Melbourne,Australia,Oceania,0.005,1,1,0,35052,51621,0.4686087256486138,0.7,0.2313912743513861,0.7,0.2313912743513861,0.0,1.0000000000000004,0.0,0.0049979659440925,0.0026496323378383,0.0,0,0,0.0020358615484105,8.21595811843872,0.6,0.1313912743513862,0.0999999999999999,0.4321684137844455,-0.0999999999999999,0.0710176091125704,0.0954011183384685,0.8913328768686523,4.267952964878635,0.7915972499899026,0.2520561375478857,0.4727262353075431,0.0936893757845486,3.133976482439317,0.0999999999999999,0.43216841378444515
Mexico City,Mexico,Latin America,0.005,1,1,0,59012,90635,0.4265999557561695,0.625,0.1984000442438305,0.65,0.2234000442438305,-0.025,1.1260080364159366,-0.1260080364159365,0.0049980691785733,0.0019244085523604,0.0,0,0,0.0036698195775493,19.18323445320129,0.525,0.0984000442438305,0.0999999999999999,0.5040321456637458,-0.1249999999999998,0.0866000992993876,0.1194333355927608,0.8618586050294855,4.688233022563027,0.7061370952694226,0.2912467817320047,0.5358910052192775,0.119162204297431,3.3441165112815137,0.12499999999999989,0.6300401820796817
Miami,United States,North America,0.005,1,1,0,17983,28736,0.4188310741874362,0.6,0.1811689258125637,0.625,0.2061689258125638,-0.025,1.137992759452937,-0.1379927594529366,0.005011135857461,0.0027078357998458,0.0,0,0,0.002559857708728,4.50200343132019,0.525,0.1061689258125638,0.0749999999999999,0.4139782783588092,-0.0999999999999999,0.0441606347438752,0.0657287438136017,0.923316465550798,4.775194877505568,0.7058106382743038,0.2736044308409853,0.5980092309403325,0.0639492854362453,3.387597438752784,0.0999999999999999,0.5519710378117454
Milan,Italy,Europe,0.005,1,1,0,25735,38172,0.4648772408417771,0.65,0.1851227591582229,0.65,0.1851227591582229,0.0,1.0,0.0,0.0050036676097663,0.0020287422859995,0.0,0,0,0.0020338336689675,7.236681461334228,0.6,0.1351227591582228,0.05,0.2700910478395876,-0.05,0.066174159069475,0.0892947347969691,0.8875850009714397,4.302211044744839,0.8777112308703147,0.2130870031176929,0.4833106664076161,0.083582669516223,3.15110552237242,0.05,0.27009104783958743
Montevideo,Uruguay,Latin America,0.005,1,1,0,13761,22450,0.4069683126676818,0.6,0.1930316873323181,0.575,0.1680316873323181,0.025,0.8704875849892945,0.129512415010706,0.0049888641425389,0.0014924776461495,0.0,0,0,0.0027101868253767,5.36918568611145,0.525,0.1180316873323182,0.0749999999999999,0.3885372450321174,-0.0499999999999999,0.0451224944320712,0.0685269965845505,0.9209359784899354,4.914387527839644,0.7067984939990559,0.2831375534769052,0.6314948041566747,0.0676549669355424,3.457193763919822,0.0499999999999999,0.25902483002141125
Montreal,Canada,North America,0.005,1,1,0,20313,32065,0.4231662575553621,0.625,0.2018337424446379,0.625,0.2018337424446379,0.0,1.0000000000000002,0.0,0.0049898643380633,0.0019080783266153,0.0,0,0,0.0030618555956337,6.292649030685425,0.525,0.1018337424446379,0.0999999999999999,0.495457294646506,-0.0999999999999999,0.0467799781693435,0.0708413331364151,0.9140944222911436,4.7262747544051145,0.7252551602421904,0.2780109272309763,0.5785949884310541,0.0638999655393098,3.363137377202557,0.0999999999999999,0.4954572946465057
Mumbai,India,Asia,0.005,1,1,0,18270,24999,0.4825037154272258,0.725,0.2424962845727741,0.725,0.2424962845727741,0.0,1.0000000000000002,0.0,0.0050002000080003,0.0019179133103183,0.0,0,0,0.0025642003721094,4.904281377792358,0.625,0.1424962845727742,0.0999999999999999,0.4123774521996421,-0.0999999999999999,0.1784871394855794,0.2067870826491516,0.7371647509578544,4.145045801832073,0.8139374555056681,0.233946459246106,0.3683634373289545,0.2019157088122605,3.0725229009160366,0.0999999999999999,0.41237745219964184
Nairobi,Kenya,Africa,0.005,1,1,0,22960,28157,0.5433092136999518,0.825,0.2816907863000482,0.775,0.2316907863000482,0.0499999999999999,0.8225004067163861,0.1774995932836138,0.0050076357566502,0.0020293025531792,0.0,0,0,0.0019439287392188,5.29858660697937,0.675,0.1316907863000482,0.1499999999999999,0.5324987798508419,-0.1,0.3139183861917107,0.305095818815331,0.5764372822299652,3.68114500834606,0.8161600756293539,0.2315098890496864,0.2263937282229965,0.293074912891986,2.84057250417303,0.1,0.3549991865672282
New York City,United States,North America,0.005,1,1,0,20109,34130,0.3876426827190641,0.575,0.1873573172809358,0.575,0.1873573172809358,0.0,1.0000000000000002,0.0,0.0050102549077058,0.0021135116428536,0.0,0,0,0.004768458288639,6.672574281692505,0.5,0.1123573172809359,0.0749999999999999,0.4003046216099479,-0.0749999999999999,0.0353940814532669,0.0572877815903326,0.9343577502610771,5.159390565484911,0.6645468952720962,0.3018797205974218,0.6972997165448307,0.05524889353026,3.579695282742456,0.0749999999999999,0.4003046216099476
Osaka,Japan,Asia,0.005,1,1,0,92460,138690,0.4467357272621854,0.625,0.1782642727378145,0.625,0.1782642727378146,0.0,1.0000000000000004,0.0,0.0049967553536664,0.0016147033535967,0.0,0,0,0.0030346725423302,34.36748051643372,0.525,0.0782642727378146,0.0999999999999999,0.5609649003930072,-0.0999999999999999,0.0837190857307664,0.1128704304564135,0.8710253082414017,4.476919749080683,0.720616944746448,0.2746286060324945,0.5000108154877785,0.1116699113130002,3.2384598745403417,0.0999999999999999,0.5609649003930067
Panama City,Panama,Latin America,0.005,1,1,0,9245,12302,0.4936399020906064,0.725,0.2313600979093936,0.7,0.2063600979093935,0.025,0.8919433375681287,0.1080566624318712,0.0050398309218013,0.0018778205167035,0.0,0,0,0.0097734942959217,3.328718662261963,0.625,0.1313600979093936,0.0999999999999999,0.4322266497274845,-0.0749999999999999,0.2188262071207933,0.2311519740400216,0.6281233098972417,4.051536335555194,0.8358318252924797,0.2212190522049677,0.3307733910221741,0.2299621416982152,3.025768167777597,0.0749999999999999,0.32416998729561297
Paris,France,Europe,0.005,1,1,0,36946,55181,0.453974052043998,0.65,0.196025947956002,0.675,0.221025947956002,-0.025,1.127534136478765,-0.1275341364787648,0.0050017216070748,0.0017717862301396,0.0,0,0,0.0014930790435844,11.830498695373535,0.575,0.1210259479560019,0.075,0.3826024094362946,-0.1,0.0694441927475036,0.0961944459481405,0.8905158880528339,4.405538138127254,0.8587655726503791,0.2377685086918248,0.4935852325014886,0.0921344665187029,3.202769069063627,0.1,0.5101365459150591
Prague,Czechia,Europe,0.005,1,1,0,19787,27325,0.4768012005095185,0.7,0.2231987994904814,0.7,0.2231987994904814,0.0,1.0000000000000002,0.0,0.0050137236962488,0.0018866365539275,0.0,0,0,0.0015462637768074,5.40482497215271,0.625,0.1481987994904814,0.0749999999999999,0.3360233127203644,-0.0749999999999999,0.1724428179322964,0.1975539495628443,0.716682670440188,4.194620311070448,0.8715060341039366,0.2057093999197334,0.3810077323495224,0.1856269267701016,3.0973101555352245,0.0749999999999999,0.3360233127203642
Quito,Ecuador,Latin America,0.005,1,1,0,26144,35253,0.4811776588774842,0.725,0.2438223411225157,0.725,0.2438223411225157,0.0,1.0000000000000004,0.0,0.0049924829092559,0.0015661846496106,0.0,0,0,0.0025887762812087,8.106471061706543,0.6,0.1188223411225157,0.125,0.5126683610063036,-0.125,0.2096275494284174,0.2337056303549571,0.6946144430844553,4.156468952996908,0.7991058062713092,0.24010428041057,0.3484547123623011,0.2329023867809057,3.0782344764984537,0.125,0.5126683610063036
Rio de Janeiro,Brazil,Latin America,0.005,1,1,0,14909,20774,0.479348377866999,0.7,0.2206516221330009,0.725,0.2456516221330009,-0.025,1.1133007759395983,-0.1133007759395982,0.0050062578222778,0.0016357087809251,0.0,0,0,0.0025012048810462,4.598162651062012,0.6,0.1206516221330009,0.0999999999999999,0.4532031037583923,-0.1249999999999998,0.1467218638682969,0.1786840163659534,0.7679254141793548,4.172330798113026,0.8484765705535979,0.2270063223960496,0.3934536186196257,0.1734522771480313,3.0861653990565125,0.12499999999999989,0.56650387969799
Riyadh,Saudi Arabia,Middle East,0.005,1,1,0,52112,79423,0.4665628855078422,0.675,0.2084371144921578,0.675,0.2084371144921578,0.0,1.0000000000000002,0.0,0.004998552056709,0.001712380467648,0.0,0,0,0.0037548747748048,18.094051599502563,0.575,0.1084371144921577,0.1,0.4797610072641956,-0.1,0.0270954257582816,0.0375345409886398,0.948783389622352,4.286667589992823,0.6421277525359975,0.3000587440521647,0.5241019342953638,0.0355196499846484,3.143333794996412,0.1,0.47976100726419524
Rome,Italy,Europe,0.005,1,1,0,25843,37062,0.4705329710788918,0.675,0.2044670289211081,0.675,0.2044670289211082,0.0,1.0000000000000009,0.0,0.0049916356375802,0.0019829360315554,0.0,0,0,0.0017998367552484,6.8935158252716064,0.6,0.1294670289211081,0.075,0.366807305782969,-0.075,0.1150234741784037,0.1444491738575243,0.8175908369771311,4.250499163563758,0.8671985950778035,0.2161211690323236,0.4341601207290175,0.1347753743760399,3.12524958178188,0.075,0.36680730578296866
San Francisco,United States,North America,0.005,1,1,0,11502,18546,0.4019767215033488,0.6,0.1980232784966512,0.6,0.1980232784966512,0.0,1.0,0.0,0.0050145583953413,0.0019812104556784,0.0,0,0,0.0039178085035397,3.508579969406128,0.525,0.1230232784966512,0.0749999999999999,0.3787433506271753,-0.0749999999999999,0.066968618570042,0.0995479047122239,0.8803686315423405,4.975412487868004,0.7240477879580849,0.2704987320371936,0.6125021735350373,0.0958094244479221,3.4877062439340016,0.0749999999999999,0.37874335062717507
Santiago,Chile,Latin America,0.005,1,1,0,60718,88302,0.4543405779204741,0.65,0.1956594220795258,0.65,0.1956594220795259,0.0,1.0000000000000009,0.0,0.0050055491381848,0.0016291387311147,0.0,0,0,0.0039191205715656,21.310704708099365,0.55,0.0956594220795259,0.0999999999999999,0.5110921770961532,-0.0999999999999999,0.1107675930330003,0.148160347837544,0.8356829935109852,4.4019841000203845,0.6665700575637641,0.2968068247303861,0.4543133831812642,0.1531671003656247,3.2009920500101923,0.0999999999999999,0.5110921770961527
Sao Paulo,Brazil,Latin America,0.005,1,1,0,51289,77333,0.4525467568643056,0.675,0.2224532431356944,0.65,0.1974532431356944,0.025,0.8876168328786728,0.1123831671213274,0.0050043319152237,0.0017303203998962,0.0,0,0,0.0016704384002272,17.33429217338562,0.575,0.1224532431356943,0.1,0.4495326684853096,-0.075,0.0639313100487502,0.0895903605061514,0.8995301136695978,4.419432842382942,0.8374796191935641,0.2387467521827672,0.5078086919222445,0.0883425295872409,3.2097164211914704,0.07500000000000001,0.337149501363982
Seattle,United States,North America,0.005,1,1,0,17570,26501,0.4417716876708675,0.65,0.2082283123291324,0.65,0.2082283123291325,0.0,1.0000000000000009,0.0,0.0050186785404324,0.002337762778598,0.0,0,0,0.0024748344432109,4.414321184158325,0.55,0.1082283123291325,0.0999999999999999,0.480242090431664,-0.0999999999999999,0.0847137843854948,0.1124075128059191,0.8442231075697211,4.527225387721218,0.7450006889273258,0.2279289191171567,0.5083665338645418,0.1118952760387023,3.2636126938606087,0.0999999999999999,0.4802420904316636
Seoul,South Korea,Asia,0.005,1,1,0,50914,76060,0.4516653899369949,0.675,0.2233346100630051,0.675,0.2233346100630051,0.0,1.0000000000000002,0.0,0.0049960557454641,0.0017627112354286,0.0,0,0,0.0022730979269983,16.818943738937378,0.55,0.0983346100630051,0.125,0.5596982929100696,-0.125,0.0798580068367078,0.1061397650940802,0.8730015319951291,4.428056797265317,0.8152792246430942,0.2428458601298107,0.4939113014102211,0.1056487410142593,3.2140283986326583,0.125,0.5596982929100696
Singapore,Singapore,Asia,0.005,1,1,0,13478,19430,0.4668204315025708,0.675,0.2081795684974292,0.675,0.2081795684974292,0.0,1.0000000000000002,0.0,0.0049922799794132,0.0025710347752332,0.0,0,0,0.0016649221636152,3.251999616622925,0.6,0.1331795684974291,0.075,0.3602659018909737,-0.075,0.1154915079773546,0.1443092446950586,0.8165899985161003,4.284302624806999,0.8639728586403964,0.231079717457114,0.4416827422466241,0.1353316515803531,3.142151312403499,0.075,0.3602659018909734
Sydney,Australia,Oceania,0.005,1,1,0,22215,31013,0.487296324811841,0.7,0.2127036751881589,0.725,0.237703675188159,-0.025,1.1175344054487302,-0.1175344054487299,0.0049979041047302,0.002088526578185,0.0,0,0,0.001681096003388,5.672560214996338,0.625,0.137703675188159,0.0749999999999999,0.3526032163461892,-0.0999999999999999,0.1272692096862606,0.1563358091379698,0.8096331307674994,4.104278850804501,0.8449455024818142,0.2231353016042612,0.3960837272113436,0.151114112086428,3.052139425402251,0.0999999999999999,0.47013762179491875
Taipei,Taiwan,Asia,0.005,1,1,0,16388,24900,0.431684610183596,0.6,0.1683153898164039,0.6,0.1683153898164039,0.0,1.0000000000000004,0.0,0.0049799196787148,0.0016517916611162,0.0,0,0,0.0024685047913944,5.442280292510986,0.55,0.118315389816404,0.0499999999999999,0.2970613682714292,-0.0499999999999999,0.0960240963855421,0.1224676592628752,0.8470222113741762,4.633012048192772,0.8147972013537117,0.2433903711794178,0.5194654625335612,0.1211862338296314,3.3165060240963857,0.0499999999999999,0.29706136827142904
Tehran,Iran,Middle East,0.005,1,1,0,85612,108037,0.5095652255940534,0.7,0.1904347744059465,0.7,0.1904347744059465,0.0,1.0000000000000004,0.0,0.0049982876236844,0.0021236515795641,0.0,0,0,0.0030080636273993,21.55225253105164,0.6,0.0904347744059466,0.0999999999999999,0.5251141778698029,-0.0999999999999999,0.275692586798967,0.2825888894080269,0.6422814558706723,3.924914612586429,0.7093703368002497,0.2835891292248771,0.2619492594496099,0.2975634256879876,2.9624573062932145,0.0999999999999999,0.5251141778698024
Tel Aviv,Israel,Middle East,0.005,1,1,0,21205,30263,0.4704556407107436,0.675,0.2045443592892564,0.7,0.2295443592892563,-0.0249999999999999,1.122222876675109,-0.1222228766751087,0.0049895912500413,0.0020283430720666,0.0,0,0,0.0016578741564611,5.860970973968506,0.6,0.1295443592892564,0.075,0.3666686300253277,-0.0999999999999999,0.1196510590490037,0.1493987267153973,0.799575571799104,4.2511978323365165,0.8649459801610118,0.2132075178385437,0.4272105635463334,0.1442584296156566,3.1255989161682582,0.0999999999999999,0.488891506700436
Tokyo,Japan,Asia,0.005,1,1,0,62113,98086,0.4276266169078313,0.625,0.1973733830921686,0.625,0.1973733830921686,0.0,1.0000000000000004,0.0,0.0049956160920008,0.0016243506741055,0.0,0,0,0.0025045214903187,24.21285891532898,0.525,0.0973733830921687,0.0999999999999999,0.506653928880078,-0.0999999999999999,0.0423098097587831,0.0630624828940801,0.9322203081480528,4.676977346410293,0.7581635253478635,0.2607935546032009,0.5791702220147151,0.0624506947015922,3.338488673205146,0.0999999999999999,0.5066539288800775
Toronto,Canada,North America,0.005,1,1,0,12443,18430,0.4503249767873723,0.65,0.1996750232126277,0.65,0.1996750232126277,0.0,1.0,0.0,0.004991861096039,0.0016698126905764,0.0,0,0,0.0039549510217479,3.985116481781006,0.575,0.1246750232126276,0.075,0.3756103231806559,-0.075,0.0917525773195876,0.1258538937555252,0.8551796190629269,4.441237113402062,0.7129335065656669,0.28128817866393,0.4812344289962227,0.1197460419512979,3.220618556701031,0.075,0.37561032318065557
Tunis,Tunisia,Africa,0.005,1,1,0,46721,67495,0.4801932298410621,0.7,0.2198067701589378,0.7,0.2198067701589378,0.0,1.0000000000000002,0.0,0.0049929624416623,0.0020335014843957,0.0,0,0,0.0020610404144457,13.281014680862429,0.6,0.1198067701589378,0.0999999999999999,0.4549450407177723,-0.0999999999999999,0.085087784280317,0.1102716123370647,0.8608548618394298,4.1649899992592045,0.7769932720402548,0.2521592509853583,0.4446608591425697,0.1074891376468825,3.082494999629602,0.0999999999999999,0.454945040717772
Vancouver,Canada,North America,0.005,1,1,0,14876,22751,0.4277066531310511,0.625,0.1972933468689489,0.6,0.1722933468689488,0.025,0.8732851340567194,0.1267148659432806,0.0050107687574172,0.0024507169421931,0.0,0,0,0.0034734481547296,3.71443772315979,0.55,0.1222933468689489,0.0749999999999999,0.3801445978298413,-0.0499999999999999,0.0924354973407762,0.124630276956171,0.842027426727615,4.676102149356073,0.7285892789464345,0.2644144906284661,0.5294433987631083,0.1220758268351707,3.3380510746780363,0.0499999999999999,0.2534297318865605
Vienna,Austria,Europe,0.005,1,1,0,17629,26142,0.4456985030858935,0.675,0.2293014969141065,0.675,0.2293014969141065,0.0,1.0000000000000002,0.0,0.0050110932598883,0.0020604935747204,0.0,0,0,0.0020693804103987,4.944962739944458,0.6,0.1543014969141065,0.075,0.3270802895285683,-0.075,0.0978884553591921,0.1295025242498156,0.8423052924159056,4.487338382679214,0.8130689868573066,0.2414157602209568,0.4829542231550287,0.1263826649271087,3.243669191339607,0.075,0.327080289528568
Warsaw,Poland,Europe,0.005,1,1,0,17582,24341,0.4800796812749004,0.7,0.2199203187250994,0.675,0.1949203187250996,0.0249999999999999,0.8863224637681169,0.1136775362318837,0.0050121194692083,0.0025896287491244,0.0,0,0,0.0019172111015485,3.845946788787842,0.6,0.1199203187250995,0.0999999999999999,0.4547101449275365,-0.075,0.1545129616696109,0.1818336935502218,0.7706745535206461,4.16597510373444,0.8345772485213186,0.2445860123860991,0.3844841314981231,0.1780229780457285,3.08298755186722,0.075,0.3410326086956525
